{"self_loss": 0.31797629594802856, "loss_r": 0.18119597434997559, "mseLoss": 0.12286792695522308, "cycle_loss": 0.7064310312271118, "_timestamp": 1651558828, "_runtime": 6182, "_step": 19834, "dev_loss": 0.8073389120221138, "dev_accuracy": 0.933, "test_loss": 0.8413295876204967, "test_accuracy": 0.914}