{"self_loss": 8.577442169189453, "loss_r": 0.07536765187978745, "mseLoss": 0.06783450394868851, "cycle_loss": 8.603093147277832, "_timestamp": 1651544270, "_runtime": 18, "_step": 5, "_wandb": {"runtime": 19}}