{"self_loss": 4.260361194610596, "loss_r": 0.06136714667081833, "mseLoss": 0, "cycle_loss": 4.4753804206848145, "_timestamp": 1651549447, "_runtime": 81, "_step": 202, "dev_loss": 8.413845351094007, "dev_accuracy": 0.701, "test_loss": 9.804106137749553, "test_accuracy": 0.635, "_wandb": {"runtime": 82}}