{"self_loss": 8.224946022033691, "loss_r": 0.052323758602142334, "mseLoss": 0.07977206259965897, "cycle_loss": 8.246874809265137, "_timestamp": 1651552442, "_runtime": 17, "_step": 6, "_wandb": {"runtime": 19}}