{"self_loss": 5.010652542114258, "loss_r": 0, "mseLoss": 0.0787699744105339, "cycle_loss": 5.278970241546631, "_timestamp": 1651545883, "_runtime": 44, "_step": 99, "_wandb": {"runtime": 45}}