{"self_loss": 8.812707901000977, "loss_r": 0.37735676765441895, "mseLoss": 0.05736229196190834, "cycle_loss": 8.814935684204102, "_timestamp": 1651544035, "_runtime": 19, "_step": 4, "_wandb": {"runtime": 19}}